USE obs;

CREATE TABLE fakulte
(
id smallint NOT NULL IDENTITY(1,1),
ad nchar(50) NOT NULL,
CONSTRAINT fakulte_pk PRIMARY KEY (id)
)

CREATE TABLE bolum
(
id smallint NOT NULL IDENTITY(1,1),
ad nchar(50) NOT NULL,
fakulte_id smallint,
CONSTRAINT PK PRIMARY KEY (id),
CONSTRAINT fk_bolum_fakulte FOREIGN KEY (fakulte_id)
REFERENCES fakulte (id)
)

CREATE TABLE ogrenci
(
numara bigint NOT NULL,
ad nchar(50) NOT NULL,
soyad nchar(50) NOT NULL,
e_posta char(50),
sifre binary(16) NOT NULL,
kayit_tarihi date,
bolum_id smallint,
CONSTRAINT pk_ogrenci PRIMARY KEY (numara),
CONSTRAINT fk_ogrenci_bolum FOREIGN KEY (bolum_id)
REFERENCES bolum (id)
)

CREATE TABLE akademisyen
(
id smallint NOT NULL IDENTITY(1,1),
CONSTRAINT pk_akademisyen PRIMARY KEY (id),
tc_no bigint,
ad nchar(50) NOT NULL,
soyad nchar(50) NOT NULL,
unvan nchar(25),
bolum_id smallint,
CONSTRAINT fk_akademisyen_bolum FOREIGN KEY (bolum_id) REFERENCES bolum (id)
)

CREATE TABLE ders
(
kod char(6) NOT NULL,
CONSTRAINT pk_ders PRIMARY KEY (kod),
ad nchar(50) NOT NULL,
kredi tinyint NOT NULL,
akts tinyint NOT NULL,
saat_teorik tinyint NOT NULL,
saat_uygulama tinyint NOT NULL,
yuzde_arasinav tinyint NOT NULL,
yuzde_final tinyint NOT NULL,
yuzde_odev tinyint NOT NULL,
yuzde_uygulama tinyint NOT NULL,
akademisyen_id smallint,
CONSTRAINT fk_ders_akademisyen FOREIGN KEY (akademisyen_id)
REFERENCES akademisyen (id)
)

CREATE TABLE ogrenci_ders
(
ogr_no BIGINT NOT NULL,
ders_kod char(6) NOT NULL,
not_arasinav tinyint,
not_final tinyint,
not_odev tinyint,
not_uygulama tinyint
CONSTRAINT fk_ders_ogrenci_no FOREIGN KEY (ogr_no)
REFERENCES ogrenci (numara),
CONSTRAINT fk_ogrenci_ders_kod FOREIGN KEY (ders_kod)
REFERENCES ders (kod)
)

SET IDENTITY_INSERT [dbo].[fakulte] ON 

INSERT [dbo].[fakulte] ([id], [ad]) VALUES (1, N'Fen-Edebiyat                                      ')
INSERT [dbo].[fakulte] ([id], [ad]) VALUES (2, N'Güzel Sanatlar ve Tasarım                         ')
INSERT [dbo].[fakulte] ([id], [ad]) VALUES (3, N'İktisadi ve İdari Bilimler                        ')
INSERT [dbo].[fakulte] ([id], [ad]) VALUES (4, N'İslami İlimler                                    ')
INSERT [dbo].[fakulte] ([id], [ad]) VALUES (5, N'Mühendislik                                       ')
INSERT [dbo].[fakulte] ([id], [ad]) VALUES (6, N'Sağlık Bilimleri                                  ')
INSERT [dbo].[fakulte] ([id], [ad]) VALUES (7, N'Uygulamalı Bilimler                               ')
INSERT [dbo].[fakulte] ([id], [ad]) VALUES (8, N'Ziraat ve Doğa Bilimleri                          ')

SET IDENTITY_INSERT [dbo].[fakulte] OFF

SET IDENTITY_INSERT [dbo].[bolum] ON 

INSERT [dbo].[bolum] ([id], [ad], [fakulte_id]) VALUES (1, N'Bilgisayar Mühendisliği                           ', 5)
INSERT [dbo].[bolum] ([id], [ad], [fakulte_id]) VALUES (2, N'Biyomühendislik                                   ', 5)
INSERT [dbo].[bolum] ([id], [ad], [fakulte_id]) VALUES (3, N'Elektrik Elektronik Mühendisliği                  ', 5)
INSERT [dbo].[bolum] ([id], [ad], [fakulte_id]) VALUES (4, N'Endüstri Mühendisliği                             ', 5)
INSERT [dbo].[bolum] ([id], [ad], [fakulte_id]) VALUES (5, N'İnşaat Mühendisliği                               ', 5)
INSERT [dbo].[bolum] ([id], [ad], [fakulte_id]) VALUES (6, N'Kimya Mühendisliği                                ', 5)
INSERT [dbo].[bolum] ([id], [ad], [fakulte_id]) VALUES (7, N'Kontrol ve Otomasyon Mühendisliği                 ', 5)
INSERT [dbo].[bolum] ([id], [ad], [fakulte_id]) VALUES (8, N'Makine Mühendisliği                               ', 5)
INSERT [dbo].[bolum] ([id], [ad], [fakulte_id]) VALUES (9, N'Metalurji ve Malzeme Mühendisliği                 ', 5)
INSERT [dbo].[bolum] ([id], [ad], [fakulte_id]) VALUES (10, N'Meteoroloji Mühendisliği                          ', 5)
INSERT [dbo].[bolum] ([id], [ad], [fakulte_id]) VALUES (11, N'Yazılım Mühendisliği                              ', 5)

SET IDENTITY_INSERT [dbo].[bolum] OFF

SET IDENTITY_INSERT [dbo].[akademisyen] ON 

INSERT [dbo].[akademisyen] ([id], [tc_no], [ad], [soyad], [unvan], [bolum_id]) VALUES (1, NULL, N'Cihan                                             ', N'KARAKUZU                                          ', N'Prof. Dr.                ', 1)
INSERT [dbo].[akademisyen] ([id], [tc_no], [ad], [soyad], [unvan], [bolum_id]) VALUES (2, NULL, N'Uğur                                              ', N'YÜZGEÇ                                            ', N'Doç. Dr.                 ', 1)
INSERT [dbo].[akademisyen] ([id], [tc_no], [ad], [soyad], [unvan], [bolum_id]) VALUES (3, NULL, N'Nihan                                             ', N'KAZAK ÇERÇEVİK                                    ', N'Dr. Öğr. Üyesi           ', 1)
INSERT [dbo].[akademisyen] ([id], [tc_no], [ad], [soyad], [unvan], [bolum_id]) VALUES (4, NULL, N'Salim                                             ', N'CEYHAN                                            ', N'Dr. Öğr. Üyesi           ', 1)
INSERT [dbo].[akademisyen] ([id], [tc_no], [ad], [soyad], [unvan], [bolum_id]) VALUES (5, NULL, N'Emre                                              ', N'DANDIL                                            ', N'Dr. Öğr. Üyesi           ', 1)
INSERT [dbo].[akademisyen] ([id], [tc_no], [ad], [soyad], [unvan], [bolum_id]) VALUES (6, NULL, N'Süleyman                                          ', N'UZUN                                              ', N'Dr. Öğr. Üyesi           ', 1)
INSERT [dbo].[akademisyen] ([id], [tc_no], [ad], [soyad], [unvan], [bolum_id]) VALUES (7, NULL, N'Gökhan                                            ', N'UÇAR                                              ', N'Arş. Gör.                ', 1)
INSERT [dbo].[akademisyen] ([id], [tc_no], [ad], [soyad], [unvan], [bolum_id]) VALUES (8, NULL, N'Hakan                                             ', N'ÜÇGÜN                                             ', N'Arş. Gör.                ', 1)
INSERT [dbo].[akademisyen] ([id], [tc_no], [ad], [soyad], [unvan], [bolum_id]) VALUES (9, NULL, N'Sefa                                              ', N'TUNÇER                                            ', N'Arş. Gör.                ', 1)
INSERT [dbo].[akademisyen] ([id], [tc_no], [ad], [soyad], [unvan], [bolum_id]) VALUES (10, NULL, N'Halil İbrahim                                     ', N'ÇAKIR                                             ', N'Arş. Gör.                ', 1)
INSERT [dbo].[akademisyen] ([id], [tc_no], [ad], [soyad], [unvan], [bolum_id]) VALUES (11, NULL, N'Haydar                                            ', N'KILIÇ                                             ', N'Öğr. Gör.                ', 1)

SET IDENTITY_INSERT [dbo].[akademisyen] OFF

INSERT [dbo].[ders] ([kod], [ad], [kredi], [akts], [saat_teorik], [saat_uygulama], [yuzde_arasinav], [yuzde_final], [yuzde_odev], [yuzde_uygulama], [akademisyen_id]) VALUES (N'ATA101', N'Atatürk İlkeleri ve İnkılap Tarihi 1              ', 2, 2, 2, 0, 30, 40, 20, 10, NULL)
INSERT [dbo].[ders] ([kod], [ad], [kredi], [akts], [saat_teorik], [saat_uygulama], [yuzde_arasinav], [yuzde_final], [yuzde_odev], [yuzde_uygulama], [akademisyen_id]) VALUES (N'ATA102', N'Atatürk İlkeleri ve İnkılap Tarihi 2              ', 2, 2, 2, 0, 30, 40, 20, 10, NULL)
INSERT [dbo].[ders] ([kod], [ad], [kredi], [akts], [saat_teorik], [saat_uygulama], [yuzde_arasinav], [yuzde_final], [yuzde_odev], [yuzde_uygulama], [akademisyen_id]) VALUES (N'BM101 ', N'Bilgisayar Mühendisliğine Giriş                   ', 4, 4, 2, 1, 30, 40, 20, 10, NULL)
INSERT [dbo].[ders] ([kod], [ad], [kredi], [akts], [saat_teorik], [saat_uygulama], [yuzde_arasinav], [yuzde_final], [yuzde_odev], [yuzde_uygulama], [akademisyen_id]) VALUES (N'BM103 ', N'Bilgisayar Programlama 1                          ', 5, 5, 3, 1, 30, 40, 20, 10, NULL)
INSERT [dbo].[ders] ([kod], [ad], [kredi], [akts], [saat_teorik], [saat_uygulama], [yuzde_arasinav], [yuzde_final], [yuzde_odev], [yuzde_uygulama], [akademisyen_id]) VALUES (N'BM104 ', N'Kesikli Matematiksel Yapılar                      ', 5, 5, 4, 0, 30, 40, 20, 10, NULL)
INSERT [dbo].[ders] ([kod], [ad], [kredi], [akts], [saat_teorik], [saat_uygulama], [yuzde_arasinav], [yuzde_final], [yuzde_odev], [yuzde_uygulama], [akademisyen_id]) VALUES (N'BM106 ', N'Bilgisayar Programlama 2                          ', 6, 6, 3, 1, 30, 40, 20, 10, NULL)
INSERT [dbo].[ders] ([kod], [ad], [kredi], [akts], [saat_teorik], [saat_uygulama], [yuzde_arasinav], [yuzde_final], [yuzde_odev], [yuzde_uygulama], [akademisyen_id]) VALUES (N'BM202 ', N'Sayısal Çözümleme                                 ', 5, 5, 3, 0, 30, 40, 20, 10, NULL)
INSERT [dbo].[ders] ([kod], [ad], [kredi], [akts], [saat_teorik], [saat_uygulama], [yuzde_arasinav], [yuzde_final], [yuzde_odev], [yuzde_uygulama], [akademisyen_id]) VALUES (N'BM207 ', N'Ölçme ve Donanım Lab.                             ', 4, 4, 1, 2, 30, 40, 20, 10, NULL)
INSERT [dbo].[ders] ([kod], [ad], [kredi], [akts], [saat_teorik], [saat_uygulama], [yuzde_arasinav], [yuzde_final], [yuzde_odev], [yuzde_uygulama], [akademisyen_id]) VALUES (N'BM208 ', N'Veri Yapıları ve Algoritmalar                     ', 6, 6, 3, 1, 30, 40, 20, 10, NULL)
INSERT [dbo].[ders] ([kod], [ad], [kredi], [akts], [saat_teorik], [saat_uygulama], [yuzde_arasinav], [yuzde_final], [yuzde_odev], [yuzde_uygulama], [akademisyen_id]) VALUES (N'BM210 ', N'Veri Tabanı Yönetim Sistemleri                    ', 5, 5, 3, 1, 30, 40, 20, 10, 5)
INSERT [dbo].[ders] ([kod], [ad], [kredi], [akts], [saat_teorik], [saat_uygulama], [yuzde_arasinav], [yuzde_final], [yuzde_odev], [yuzde_uygulama], [akademisyen_id]) VALUES (N'BM211 ', N'Nesneye Dayalı Programlama                        ', 6, 6, 3, 1, 30, 40, 20, 10, NULL)
INSERT [dbo].[ders] ([kod], [ad], [kredi], [akts], [saat_teorik], [saat_uygulama], [yuzde_arasinav], [yuzde_final], [yuzde_odev], [yuzde_uygulama], [akademisyen_id]) VALUES (N'BM213 ', N'Olasılık ve İstatistik                            ', 4, 4, 3, 0, 30, 40, 20, 10, NULL)
INSERT [dbo].[ders] ([kod], [ad], [kredi], [akts], [saat_teorik], [saat_uygulama], [yuzde_arasinav], [yuzde_final], [yuzde_odev], [yuzde_uygulama], [akademisyen_id]) VALUES (N'BM214 ', N'Elektronik Devreler                               ', 4, 4, 3, 0, 30, 40, 20, 10, NULL)
INSERT [dbo].[ders] ([kod], [ad], [kredi], [akts], [saat_teorik], [saat_uygulama], [yuzde_arasinav], [yuzde_final], [yuzde_odev], [yuzde_uygulama], [akademisyen_id]) VALUES (N'BM215 ', N'Devre Teorisi                                     ', 4, 4, 3, 0, 30, 40, 20, 10, NULL)
INSERT [dbo].[ders] ([kod], [ad], [kredi], [akts], [saat_teorik], [saat_uygulama], [yuzde_arasinav], [yuzde_final], [yuzde_odev], [yuzde_uygulama], [akademisyen_id]) VALUES (N'BM216 ', N'İşaret ve Sistemler                               ', 4, 4, 3, 0, 30, 40, 20, 10, NULL)
INSERT [dbo].[ders] ([kod], [ad], [kredi], [akts], [saat_teorik], [saat_uygulama], [yuzde_arasinav], [yuzde_final], [yuzde_odev], [yuzde_uygulama], [akademisyen_id]) VALUES (N'BM217 ', N'Sayısal Tasarım                                   ', 5, 5, 3, 1, 30, 40, 20, 10, NULL)
INSERT [dbo].[ders] ([kod], [ad], [kredi], [akts], [saat_teorik], [saat_uygulama], [yuzde_arasinav], [yuzde_final], [yuzde_odev], [yuzde_uygulama], [akademisyen_id]) VALUES (N'BM219 ', N'İnternet Programlama                              ', 4, 4, 3, 1, 30, 40, 20, 10, NULL)
INSERT [dbo].[ders] ([kod], [ad], [kredi], [akts], [saat_teorik], [saat_uygulama], [yuzde_arasinav], [yuzde_final], [yuzde_odev], [yuzde_uygulama], [akademisyen_id]) VALUES (N'BM301 ', N'İşletim Sistemleri                                ', 4, 4, 3, 1, 30, 40, 20, 10, NULL)
INSERT [dbo].[ders] ([kod], [ad], [kredi], [akts], [saat_teorik], [saat_uygulama], [yuzde_arasinav], [yuzde_final], [yuzde_odev], [yuzde_uygulama], [akademisyen_id]) VALUES (N'BM302 ', N'Yazılım Mühendisliği                              ', 3, 3, 3, 0, 30, 40, 20, 10, NULL)
INSERT [dbo].[ders] ([kod], [ad], [kredi], [akts], [saat_teorik], [saat_uygulama], [yuzde_arasinav], [yuzde_final], [yuzde_odev], [yuzde_uygulama], [akademisyen_id]) VALUES (N'BM303 ', N'Bilgisayar Mimarisi ve Organizasyonu              ', 4, 4, 3, 1, 30, 40, 20, 10, NULL)
INSERT [dbo].[ders] ([kod], [ad], [kredi], [akts], [saat_teorik], [saat_uygulama], [yuzde_arasinav], [yuzde_final], [yuzde_odev], [yuzde_uygulama], [akademisyen_id]) VALUES (N'BM307 ', N'Mikroişlemcili Sistemler                          ', 4, 4, 3, 1, 30, 40, 20, 10, NULL)
INSERT [dbo].[ders] ([kod], [ad], [kredi], [akts], [saat_teorik], [saat_uygulama], [yuzde_arasinav], [yuzde_final], [yuzde_odev], [yuzde_uygulama], [akademisyen_id]) VALUES (N'BM308 ', N'Bilgisayar Ağları                                 ', 5, 5, 3, 1, 30, 40, 20, 10, NULL)
INSERT [dbo].[ders] ([kod], [ad], [kredi], [akts], [saat_teorik], [saat_uygulama], [yuzde_arasinav], [yuzde_final], [yuzde_odev], [yuzde_uygulama], [akademisyen_id]) VALUES (N'BM309 ', N'Mesleki İngilizce 1                               ', 3, 3, 2, 0, 30, 40, 20, 10, NULL)
INSERT [dbo].[ders] ([kod], [ad], [kredi], [akts], [saat_teorik], [saat_uygulama], [yuzde_arasinav], [yuzde_final], [yuzde_odev], [yuzde_uygulama], [akademisyen_id]) VALUES (N'BM310 ', N'Mesleki İngilizce 2                               ', 3, 3, 2, 0, 30, 40, 20, 10, NULL)
INSERT [dbo].[ders] ([kod], [ad], [kredi], [akts], [saat_teorik], [saat_uygulama], [yuzde_arasinav], [yuzde_final], [yuzde_odev], [yuzde_uygulama], [akademisyen_id]) VALUES (N'BM316 ', N'Sayısal İşaret İşleme                             ', 5, 5, 3, 0, 30, 40, 20, 10, NULL)
INSERT [dbo].[ders] ([kod], [ad], [kredi], [akts], [saat_teorik], [saat_uygulama], [yuzde_arasinav], [yuzde_final], [yuzde_odev], [yuzde_uygulama], [akademisyen_id]) VALUES (N'BM317 ', N'Görsel Programlama                                ', 5, 5, 3, 0, 30, 40, 20, 10, NULL)
INSERT [dbo].[ders] ([kod], [ad], [kredi], [akts], [saat_teorik], [saat_uygulama], [yuzde_arasinav], [yuzde_final], [yuzde_odev], [yuzde_uygulama], [akademisyen_id]) VALUES (N'BM318 ', N'Nöral Sistemlere Giriş                            ', 5, 5, 3, 0, 30, 40, 20, 10, NULL)
INSERT [dbo].[ders] ([kod], [ad], [kredi], [akts], [saat_teorik], [saat_uygulama], [yuzde_arasinav], [yuzde_final], [yuzde_odev], [yuzde_uygulama], [akademisyen_id]) VALUES (N'BM320 ', N'Mobil Programlama                                 ', 5, 5, 3, 0, 30, 40, 20, 10, NULL)
INSERT [dbo].[ders] ([kod], [ad], [kredi], [akts], [saat_teorik], [saat_uygulama], [yuzde_arasinav], [yuzde_final], [yuzde_odev], [yuzde_uygulama], [akademisyen_id]) VALUES (N'BM321 ', N'Bilg. Sistem Mod. ve Benzetim                     ', 5, 5, 3, 0, 30, 40, 20, 10, NULL)
INSERT [dbo].[ders] ([kod], [ad], [kredi], [akts], [saat_teorik], [saat_uygulama], [yuzde_arasinav], [yuzde_final], [yuzde_odev], [yuzde_uygulama], [akademisyen_id]) VALUES (N'BM322 ', N'Yöneylem Araştırması                              ', 5, 5, 3, 0, 30, 40, 20, 10, NULL)
INSERT [dbo].[ders] ([kod], [ad], [kredi], [akts], [saat_teorik], [saat_uygulama], [yuzde_arasinav], [yuzde_final], [yuzde_odev], [yuzde_uygulama], [akademisyen_id]) VALUES (N'BM323 ', N'Bilgisayar Destekli Devre Tasarımı                ', 2, 2, 2, 0, 30, 40, 20, 10, NULL)
INSERT [dbo].[ders] ([kod], [ad], [kredi], [akts], [saat_teorik], [saat_uygulama], [yuzde_arasinav], [yuzde_final], [yuzde_odev], [yuzde_uygulama], [akademisyen_id]) VALUES (N'BM324 ', N'Web Uygulama Çatısı                               ', 5, 5, 3, 0, 30, 40, 20, 10, NULL)
INSERT [dbo].[ders] ([kod], [ad], [kredi], [akts], [saat_teorik], [saat_uygulama], [yuzde_arasinav], [yuzde_final], [yuzde_odev], [yuzde_uygulama], [akademisyen_id]) VALUES (N'BM325 ', N'Bilimsel Araştırma ve Yazma Tek.                  ', 2, 2, 2, 0, 30, 40, 20, 10, NULL)
INSERT [dbo].[ders] ([kod], [ad], [kredi], [akts], [saat_teorik], [saat_uygulama], [yuzde_arasinav], [yuzde_final], [yuzde_odev], [yuzde_uygulama], [akademisyen_id]) VALUES (N'BM326 ', N'Gömülü Sistemlere Giriş                           ', 5, 5, 3, 0, 30, 40, 20, 10, NULL)
INSERT [dbo].[ders] ([kod], [ad], [kredi], [akts], [saat_teorik], [saat_uygulama], [yuzde_arasinav], [yuzde_final], [yuzde_odev], [yuzde_uygulama], [akademisyen_id]) VALUES (N'BM327 ', N'Proje Yönetimi                                    ', 2, 2, 2, 0, 30, 40, 20, 10, NULL)
INSERT [dbo].[ders] ([kod], [ad], [kredi], [akts], [saat_teorik], [saat_uygulama], [yuzde_arasinav], [yuzde_final], [yuzde_odev], [yuzde_uygulama], [akademisyen_id]) VALUES (N'BM328 ', N'Bilgisayar Müh. Tasarım Çalışması 2               ', 4, 4, 2, 2, 30, 40, 20, 10, NULL)
INSERT [dbo].[ders] ([kod], [ad], [kredi], [akts], [saat_teorik], [saat_uygulama], [yuzde_arasinav], [yuzde_final], [yuzde_odev], [yuzde_uygulama], [akademisyen_id]) VALUES (N'BM329 ', N'Biçimsel Diller ve Soyut Makineler                ', 4, 4, 3, 0, 30, 40, 20, 10, NULL)
INSERT [dbo].[ders] ([kod], [ad], [kredi], [akts], [saat_teorik], [saat_uygulama], [yuzde_arasinav], [yuzde_final], [yuzde_odev], [yuzde_uygulama], [akademisyen_id]) VALUES (N'BM331 ', N'Bilgisayar Müh. Tasarım Çalışması 1               ', 4, 4, 2, 2, 30, 40, 20, 10, 5)
INSERT [dbo].[ders] ([kod], [ad], [kredi], [akts], [saat_teorik], [saat_uygulama], [yuzde_arasinav], [yuzde_final], [yuzde_odev], [yuzde_uygulama], [akademisyen_id]) VALUES (N'BM400 ', N'Bitirme Çalışması (*)                             ', 7, 7, 2, 2, 30, 40, 20, 10, 5)
INSERT [dbo].[ders] ([kod], [ad], [kredi], [akts], [saat_teorik], [saat_uygulama], [yuzde_arasinav], [yuzde_final], [yuzde_odev], [yuzde_uygulama], [akademisyen_id]) VALUES (N'BM402 ', N'Veri Madenciliği                                  ', 5, 5, 3, 0, 30, 40, 20, 10, 5)
INSERT [dbo].[ders] ([kod], [ad], [kredi], [akts], [saat_teorik], [saat_uygulama], [yuzde_arasinav], [yuzde_final], [yuzde_odev], [yuzde_uygulama], [akademisyen_id]) VALUES (N'BM403 ', N'Yapay Zeka                                        ', 5, 5, 3, 0, 30, 40, 20, 10, NULL)
INSERT [dbo].[ders] ([kod], [ad], [kredi], [akts], [saat_teorik], [saat_uygulama], [yuzde_arasinav], [yuzde_final], [yuzde_odev], [yuzde_uygulama], [akademisyen_id]) VALUES (N'BM404 ', N'Sezgisel Optimizasyon                             ', 5, 5, 3, 0, 30, 40, 20, 10, NULL)
INSERT [dbo].[ders] ([kod], [ad], [kredi], [akts], [saat_teorik], [saat_uygulama], [yuzde_arasinav], [yuzde_final], [yuzde_odev], [yuzde_uygulama], [akademisyen_id]) VALUES (N'BM405 ', N'Bulanık Mantık                                    ', 5, 5, 3, 0, 30, 40, 20, 10, NULL)
INSERT [dbo].[ders] ([kod], [ad], [kredi], [akts], [saat_teorik], [saat_uygulama], [yuzde_arasinav], [yuzde_final], [yuzde_odev], [yuzde_uygulama], [akademisyen_id]) VALUES (N'BM406 ', N'Derleyiciler                                      ', 5, 5, 3, 0, 30, 40, 20, 10, NULL)
INSERT [dbo].[ders] ([kod], [ad], [kredi], [akts], [saat_teorik], [saat_uygulama], [yuzde_arasinav], [yuzde_final], [yuzde_odev], [yuzde_uygulama], [akademisyen_id]) VALUES (N'BM407 ', N'İleri Bilgisayar Mimarisi                         ', 5, 5, 3, 0, 30, 40, 20, 10, NULL)
INSERT [dbo].[ders] ([kod], [ad], [kredi], [akts], [saat_teorik], [saat_uygulama], [yuzde_arasinav], [yuzde_final], [yuzde_odev], [yuzde_uygulama], [akademisyen_id]) VALUES (N'BM408 ', N'Kablosuz Ağ Teknolojileri                         ', 5, 5, 3, 0, 30, 40, 20, 10, NULL)
INSERT [dbo].[ders] ([kod], [ad], [kredi], [akts], [saat_teorik], [saat_uygulama], [yuzde_arasinav], [yuzde_final], [yuzde_odev], [yuzde_uygulama], [akademisyen_id]) VALUES (N'BM409 ', N'Görüntü İşleme                                    ', 5, 5, 3, 0, 30, 40, 20, 10, NULL)
INSERT [dbo].[ders] ([kod], [ad], [kredi], [akts], [saat_teorik], [saat_uygulama], [yuzde_arasinav], [yuzde_final], [yuzde_odev], [yuzde_uygulama], [akademisyen_id]) VALUES (N'BM410 ', N'Oyun Programlama                                  ', 5, 5, 3, 0, 30, 40, 20, 10, NULL)
INSERT [dbo].[ders] ([kod], [ad], [kredi], [akts], [saat_teorik], [saat_uygulama], [yuzde_arasinav], [yuzde_final], [yuzde_odev], [yuzde_uygulama], [akademisyen_id]) VALUES (N'BM411 ', N'Bilgisayar Grafikleri                             ', 5, 5, 3, 0, 30, 40, 20, 10, NULL)
INSERT [dbo].[ders] ([kod], [ad], [kredi], [akts], [saat_teorik], [saat_uygulama], [yuzde_arasinav], [yuzde_final], [yuzde_odev], [yuzde_uygulama], [akademisyen_id]) VALUES (N'BM412 ', N'Çoklu Ortam Sistemleri                            ', 5, 5, 3, 0, 30, 40, 20, 10, NULL)
INSERT [dbo].[ders] ([kod], [ad], [kredi], [akts], [saat_teorik], [saat_uygulama], [yuzde_arasinav], [yuzde_final], [yuzde_odev], [yuzde_uygulama], [akademisyen_id]) VALUES (N'BM413 ', N'İleri Bilgisayar Ağları                           ', 5, 5, 3, 0, 30, 40, 20, 10, NULL)
INSERT [dbo].[ders] ([kod], [ad], [kredi], [akts], [saat_teorik], [saat_uygulama], [yuzde_arasinav], [yuzde_final], [yuzde_odev], [yuzde_uygulama], [akademisyen_id]) VALUES (N'BM414 ', N'Ağ Güvenliği                                      ', 5, 5, 3, 0, 30, 40, 20, 10, NULL)
INSERT [dbo].[ders] ([kod], [ad], [kredi], [akts], [saat_teorik], [saat_uygulama], [yuzde_arasinav], [yuzde_final], [yuzde_odev], [yuzde_uygulama], [akademisyen_id]) VALUES (N'BM415 ', N'Gömülü Sistemler                                  ', 5, 5, 3, 0, 30, 40, 20, 10, NULL)
INSERT [dbo].[ders] ([kod], [ad], [kredi], [akts], [saat_teorik], [saat_uygulama], [yuzde_arasinav], [yuzde_final], [yuzde_odev], [yuzde_uygulama], [akademisyen_id]) VALUES (N'BM416 ', N'DSP Uygulamaları                                  ', 5, 5, 3, 0, 30, 40, 20, 10, NULL)
INSERT [dbo].[ders] ([kod], [ad], [kredi], [akts], [saat_teorik], [saat_uygulama], [yuzde_arasinav], [yuzde_final], [yuzde_odev], [yuzde_uygulama], [akademisyen_id]) VALUES (N'BM417 ', N'Mikroişlemci Uygulamaları                         ', 5, 5, 3, 0, 30, 40, 20, 10, NULL)
INSERT [dbo].[ders] ([kod], [ad], [kredi], [akts], [saat_teorik], [saat_uygulama], [yuzde_arasinav], [yuzde_final], [yuzde_odev], [yuzde_uygulama], [akademisyen_id]) VALUES (N'BM418 ', N'FPGA Uygulamaları                                 ', 5, 5, 3, 0, 30, 40, 20, 10, NULL)
INSERT [dbo].[ders] ([kod], [ad], [kredi], [akts], [saat_teorik], [saat_uygulama], [yuzde_arasinav], [yuzde_final], [yuzde_odev], [yuzde_uygulama], [akademisyen_id]) VALUES (N'BM419 ', N'Robotik Sistemlere Giriş                          ', 5, 5, 3, 0, 30, 40, 20, 10, NULL)
INSERT [dbo].[ders] ([kod], [ad], [kredi], [akts], [saat_teorik], [saat_uygulama], [yuzde_arasinav], [yuzde_final], [yuzde_odev], [yuzde_uygulama], [akademisyen_id]) VALUES (N'BM420 ', N'Gömülü Sistem Tasarımı                            ', 5, 5, 3, 0, 30, 40, 20, 10, NULL)
INSERT [dbo].[ders] ([kod], [ad], [kredi], [akts], [saat_teorik], [saat_uygulama], [yuzde_arasinav], [yuzde_final], [yuzde_odev], [yuzde_uygulama], [akademisyen_id]) VALUES (N'BM421 ', N'Makine Öğrenmesi                                  ', 5, 5, 3, 0, 30, 40, 20, 10, NULL)
INSERT [dbo].[ders] ([kod], [ad], [kredi], [akts], [saat_teorik], [saat_uygulama], [yuzde_arasinav], [yuzde_final], [yuzde_odev], [yuzde_uygulama], [akademisyen_id]) VALUES (N'BM423 ', N'Gömülü İşletim Sistemleri                         ', 5, 5, 3, 0, 30, 40, 20, 10, NULL)
INSERT [dbo].[ders] ([kod], [ad], [kredi], [akts], [saat_teorik], [saat_uygulama], [yuzde_arasinav], [yuzde_final], [yuzde_odev], [yuzde_uygulama], [akademisyen_id]) VALUES (N'BM424 ', N'Kurumsal Kaynak Planlama (ERP)                    ', 5, 5, 3, 0, 30, 40, 20, 10, NULL)
INSERT [dbo].[ders] ([kod], [ad], [kredi], [akts], [saat_teorik], [saat_uygulama], [yuzde_arasinav], [yuzde_final], [yuzde_odev], [yuzde_uygulama], [akademisyen_id]) VALUES (N'BM425 ', N'Paralel Hesaplama                                 ', 5, 5, 3, 0, 30, 40, 20, 10, NULL)
INSERT [dbo].[ders] ([kod], [ad], [kredi], [akts], [saat_teorik], [saat_uygulama], [yuzde_arasinav], [yuzde_final], [yuzde_odev], [yuzde_uygulama], [akademisyen_id]) VALUES (N'BM426 ', N'Bulut Bilişim Sistemleri                          ', 5, 5, 3, 0, 30, 40, 20, 10, NULL)
INSERT [dbo].[ders] ([kod], [ad], [kredi], [akts], [saat_teorik], [saat_uygulama], [yuzde_arasinav], [yuzde_final], [yuzde_odev], [yuzde_uygulama], [akademisyen_id]) VALUES (N'BM428 ', N'Kriptolojiye Giriş                                ', 5, 5, 3, 0, 30, 40, 20, 10, NULL)
INSERT [dbo].[ders] ([kod], [ad], [kredi], [akts], [saat_teorik], [saat_uygulama], [yuzde_arasinav], [yuzde_final], [yuzde_odev], [yuzde_uygulama], [akademisyen_id]) VALUES (N'BM430 ', N'Bilgisayarlı Görü                                 ', 5, 5, 3, 0, 30, 40, 20, 10, NULL)
INSERT [dbo].[ders] ([kod], [ad], [kredi], [akts], [saat_teorik], [saat_uygulama], [yuzde_arasinav], [yuzde_final], [yuzde_odev], [yuzde_uygulama], [akademisyen_id]) VALUES (N'BM432 ', N'Yazılım Testleri                                  ', 5, 5, 3, 0, 30, 40, 20, 10, NULL)
INSERT [dbo].[ders] ([kod], [ad], [kredi], [akts], [saat_teorik], [saat_uygulama], [yuzde_arasinav], [yuzde_final], [yuzde_odev], [yuzde_uygulama], [akademisyen_id]) VALUES (N'BM434 ', N'Sağlık Bilişim                                    ', 5, 5, 3, 0, 30, 40, 20, 10, NULL)
INSERT [dbo].[ders] ([kod], [ad], [kredi], [akts], [saat_teorik], [saat_uygulama], [yuzde_arasinav], [yuzde_final], [yuzde_odev], [yuzde_uygulama], [akademisyen_id]) VALUES (N'BM490 ', N'Endüstri Eğitimi                                  ', 10, 10, 6, 0, 30, 40, 20, 10, NULL)
INSERT [dbo].[ders] ([kod], [ad], [kredi], [akts], [saat_teorik], [saat_uygulama], [yuzde_arasinav], [yuzde_final], [yuzde_odev], [yuzde_uygulama], [akademisyen_id]) VALUES (N'BM492 ', N'Endüstri Uygulamaları                             ', 20, 20, 0, 10, 30, 40, 20, 10, NULL)
INSERT [dbo].[ders] ([kod], [ad], [kredi], [akts], [saat_teorik], [saat_uygulama], [yuzde_arasinav], [yuzde_final], [yuzde_odev], [yuzde_uygulama], [akademisyen_id]) VALUES (N'BMSTJ1', N'Staj-I                                            ', 2, 2, 0, 0, 30, 40, 20, 10, NULL)
INSERT [dbo].[ders] ([kod], [ad], [kredi], [akts], [saat_teorik], [saat_uygulama], [yuzde_arasinav], [yuzde_final], [yuzde_odev], [yuzde_uygulama], [akademisyen_id]) VALUES (N'BMSTJ2', N'Staj-II                                           ', 3, 3, 0, 0, 30, 40, 20, 10, NULL)
INSERT [dbo].[ders] ([kod], [ad], [kredi], [akts], [saat_teorik], [saat_uygulama], [yuzde_arasinav], [yuzde_final], [yuzde_odev], [yuzde_uygulama], [akademisyen_id]) VALUES (N'ENG101', N'İngilizce 1                                       ', 2, 2, 2, 0, 30, 40, 20, 10, NULL)
INSERT [dbo].[ders] ([kod], [ad], [kredi], [akts], [saat_teorik], [saat_uygulama], [yuzde_arasinav], [yuzde_final], [yuzde_odev], [yuzde_uygulama], [akademisyen_id]) VALUES (N'ENG102', N'İngilizce 2                                       ', 2, 2, 2, 0, 30, 40, 20, 10, NULL)
INSERT [dbo].[ders] ([kod], [ad], [kredi], [akts], [saat_teorik], [saat_uygulama], [yuzde_arasinav], [yuzde_final], [yuzde_odev], [yuzde_uygulama], [akademisyen_id]) VALUES (N'ENG201', N'Teknik İngilizce 1                                ', 3, 3, 2, 0, 30, 40, 20, 10, NULL)
INSERT [dbo].[ders] ([kod], [ad], [kredi], [akts], [saat_teorik], [saat_uygulama], [yuzde_arasinav], [yuzde_final], [yuzde_odev], [yuzde_uygulama], [akademisyen_id]) VALUES (N'ENG202', N'Teknik İngilizce 2                                ', 3, 3, 2, 0, 30, 40, 20, 10, NULL)
INSERT [dbo].[ders] ([kod], [ad], [kredi], [akts], [saat_teorik], [saat_uygulama], [yuzde_arasinav], [yuzde_final], [yuzde_odev], [yuzde_uygulama], [akademisyen_id]) VALUES (N'FIZ101', N'Fizik 1                                           ', 5, 5, 4, 0, 30, 40, 20, 10, NULL)
INSERT [dbo].[ders] ([kod], [ad], [kredi], [akts], [saat_teorik], [saat_uygulama], [yuzde_arasinav], [yuzde_final], [yuzde_odev], [yuzde_uygulama], [akademisyen_id]) VALUES (N'FIZ102', N'Fizik 2                                           ', 5, 5, 4, 0, 30, 40, 20, 10, NULL)
INSERT [dbo].[ders] ([kod], [ad], [kredi], [akts], [saat_teorik], [saat_uygulama], [yuzde_arasinav], [yuzde_final], [yuzde_odev], [yuzde_uygulama], [akademisyen_id]) VALUES (N'MAT101', N'Matematik 1                                       ', 5, 5, 4, 0, 30, 40, 20, 10, NULL)
INSERT [dbo].[ders] ([kod], [ad], [kredi], [akts], [saat_teorik], [saat_uygulama], [yuzde_arasinav], [yuzde_final], [yuzde_odev], [yuzde_uygulama], [akademisyen_id]) VALUES (N'MAT102', N'Matematik 2                                       ', 5, 5, 4, 0, 30, 40, 20, 10, NULL)
INSERT [dbo].[ders] ([kod], [ad], [kredi], [akts], [saat_teorik], [saat_uygulama], [yuzde_arasinav], [yuzde_final], [yuzde_odev], [yuzde_uygulama], [akademisyen_id]) VALUES (N'MAT103', N'Lineer Cebir                                      ', 5, 5, 3, 0, 30, 40, 20, 10, NULL)
INSERT [dbo].[ders] ([kod], [ad], [kredi], [akts], [saat_teorik], [saat_uygulama], [yuzde_arasinav], [yuzde_final], [yuzde_odev], [yuzde_uygulama], [akademisyen_id]) VALUES (N'MSG101', N'İş Sağlığı ve Güvenliği I                         ', 2, 2, 2, 0, 30, 40, 20, 10, NULL)
INSERT [dbo].[ders] ([kod], [ad], [kredi], [akts], [saat_teorik], [saat_uygulama], [yuzde_arasinav], [yuzde_final], [yuzde_odev], [yuzde_uygulama], [akademisyen_id]) VALUES (N'MSG102', N'İş Sağlığı ve Güvenliği II                        ', 2, 2, 2, 0, 30, 40, 20, 10, NULL)
INSERT [dbo].[ders] ([kod], [ad], [kredi], [akts], [saat_teorik], [saat_uygulama], [yuzde_arasinav], [yuzde_final], [yuzde_odev], [yuzde_uygulama], [akademisyen_id]) VALUES (N'TRK101', N'Türk Dili 1                                       ', 2, 2, 2, 0, 30, 40, 20, 10, NULL)
INSERT [dbo].[ders] ([kod], [ad], [kredi], [akts], [saat_teorik], [saat_uygulama], [yuzde_arasinav], [yuzde_final], [yuzde_odev], [yuzde_uygulama], [akademisyen_id]) VALUES (N'TRK102', N'Türk Dili 2                                       ', 2, 2, 2, 0, 30, 40, 20, 10, NULL)

INSERT [dbo].[ogrenci] ([numara], [ad], [soyad], [e_posta], [sifre], [kayit_tarihi], [bolum_id]) VALUES (10000000000, N'Erkan Hüseyin                                     ', N'AKPINAR                                           ', N'NULL                                              ', 0xCFCD208495D565EF66E7DFF9F98764DA, CAST(N'2020-03-11' AS Date), 1)
INSERT [dbo].[ogrenci] ([numara], [ad], [soyad], [e_posta], [sifre], [kayit_tarihi], [bolum_id]) VALUES (10000000001, N'Talha Yunus                                       ', N'ATEŞ                                              ', N'NULL                                              ', 0xC4CA4238A0B923820DCC509A6F75849B, CAST(N'2020-03-11' AS Date), 1)
INSERT [dbo].[ogrenci] ([numara], [ad], [soyad], [e_posta], [sifre], [kayit_tarihi], [bolum_id]) VALUES (10000000002, N'Ömer Faruk                                        ', N'BULUT                                             ', N'NULL                                              ', 0xC81E728D9D4C2F636F067F89CC14862C, CAST(N'2020-03-11' AS Date), 1)
INSERT [dbo].[ogrenci] ([numara], [ad], [soyad], [e_posta], [sifre], [kayit_tarihi], [bolum_id]) VALUES (10000000003, N'Ahmet Furkan                                      ', N'ÇELİK                                             ', N'NULL                                              ', 0xECCBC87E4B5CE2FE28308FD9F2A7BAF3, CAST(N'2020-03-11' AS Date), 1)
INSERT [dbo].[ogrenci] ([numara], [ad], [soyad], [e_posta], [sifre], [kayit_tarihi], [bolum_id]) VALUES (10000000004, N'Mehmet Akif                                       ', N'ÇELİKTÜRK                                         ', N'NULL                                              ', 0xA87FF679A2F3E71D9181A67B7542122C, CAST(N'2020-03-11' AS Date), 1)
INSERT [dbo].[ogrenci] ([numara], [ad], [soyad], [e_posta], [sifre], [kayit_tarihi], [bolum_id]) VALUES (10000000005, N'Ahmet Kayhan                                      ', N'ÇETİNKAYA                                         ', N'NULL                                              ', 0xE4DA3B7FBBCE2345D7772B0674A318D5, CAST(N'2020-03-11' AS Date), 1)
INSERT [dbo].[ogrenci] ([numara], [ad], [soyad], [e_posta], [sifre], [kayit_tarihi], [bolum_id]) VALUES (10000000006, N'Yusuf Egemen                                      ', N'ÇİÇEK                                             ', N'NULL                                              ', 0x1679091C5A880FAF6FB5E6087EB1B2DC, CAST(N'2020-03-11' AS Date), 1)
INSERT [dbo].[ogrenci] ([numara], [ad], [soyad], [e_posta], [sifre], [kayit_tarihi], [bolum_id]) VALUES (10000000007, N'Emine Şahsanem                                    ', N'DEMİREL                                           ', N'NULL                                              ', 0x8F14E45FCEEA167A5A36DEDD4BEA2543, CAST(N'2020-03-11' AS Date), 1)
INSERT [dbo].[ogrenci] ([numara], [ad], [soyad], [e_posta], [sifre], [kayit_tarihi], [bolum_id]) VALUES (10000000008, N'Muhammed Mücahid Enes                             ', N'YÜCEL                                             ', N'NULL                                              ', 0xC9F0F895FB98AB9159F51FD0297E236D, CAST(N'2020-03-11' AS Date), 1)
INSERT [dbo].[ogrenci] ([numara], [ad], [soyad], [e_posta], [sifre], [kayit_tarihi], [bolum_id]) VALUES (10000000009, N'Hüseyin Mert                                      ', N'GÜN                                               ', N'NULL                                              ', 0x45C48CCE2E2D7FBDEA1AFC51C7C6AD26, CAST(N'2020-03-11' AS Date), 1)
INSERT [dbo].[ogrenci] ([numara], [ad], [soyad], [e_posta], [sifre], [kayit_tarihi], [bolum_id]) VALUES (10000000010, N'Berk Can                                          ', N'GÜNAY                                             ', N'NULL                                              ', 0xD3D9446802A44259755D38E6D163E820, CAST(N'2020-03-11' AS Date), 1)
INSERT [dbo].[ogrenci] ([numara], [ad], [soyad], [e_posta], [sifre], [kayit_tarihi], [bolum_id]) VALUES (10000000011, N'Ahmed Erdem                                       ', N'KAHRAMAN                                          ', N'NULL                                              ', 0x6512BD43D9CAA6E02C990B0A82652DCA, CAST(N'2020-03-11' AS Date), 1)
INSERT [dbo].[ogrenci] ([numara], [ad], [soyad], [e_posta], [sifre], [kayit_tarihi], [bolum_id]) VALUES (10000000012, N'Eray Can                                          ', N'KAMİLOĞLU                                         ', N'NULL                                              ', 0xC20AD4D76FE97759AA27A0C99BFF6710, CAST(N'2020-03-11' AS Date), 1)
INSERT [dbo].[ogrenci] ([numara], [ad], [soyad], [e_posta], [sifre], [kayit_tarihi], [bolum_id]) VALUES (10000000013, N'Ahmet Hakan                                       ', N'KAPSIZ                                            ', N'NULL                                              ', 0xC51CE410C124A10E0DB5E4B97FC2AF39, CAST(N'2020-03-11' AS Date), 1)
INSERT [dbo].[ogrenci] ([numara], [ad], [soyad], [e_posta], [sifre], [kayit_tarihi], [bolum_id]) VALUES (10000000014, N'Harun Reşit                                       ', N'KARAHAN                                           ', N'NULL                                              ', 0xAAB3238922BCC25A6F606EB525FFDC56, CAST(N'2020-03-11' AS Date), 1)
INSERT [dbo].[ogrenci] ([numara], [ad], [soyad], [e_posta], [sifre], [kayit_tarihi], [bolum_id]) VALUES (10000000015, N'Necdet Burak                                      ', N'KARVAN                                            ', N'NULL                                              ', 0x9BF31C7FF062936A96D3C8BD1F8F2FF3, CAST(N'2020-03-11' AS Date), 1)
INSERT [dbo].[ogrenci] ([numara], [ad], [soyad], [e_posta], [sifre], [kayit_tarihi], [bolum_id]) VALUES (10000000016, N'Ömer Alp                                          ', N'KIRAY                                             ', N'NULL                                              ', 0xC74D97B01EAE257E44AA9D5BADE97BAF, CAST(N'2020-03-11' AS Date), 1)
INSERT [dbo].[ogrenci] ([numara], [ad], [soyad], [e_posta], [sifre], [kayit_tarihi], [bolum_id]) VALUES (10000000017, N'Muhammed Emin                                     ', N'KORKMAZ                                           ', N'NULL                                              ', 0x70EFDF2EC9B086079795C442636B55FB, CAST(N'2020-03-11' AS Date), 1)
INSERT [dbo].[ogrenci] ([numara], [ad], [soyad], [e_posta], [sifre], [kayit_tarihi], [bolum_id]) VALUES (10000000018, N'Atilla Görkem                                     ', N'MERİÇ                                             ', N'NULL                                              ', 0x6F4922F45568161A8CDF4AD2299F6D23, CAST(N'2020-03-11' AS Date), 1)
INSERT [dbo].[ogrenci] ([numara], [ad], [soyad], [e_posta], [sifre], [kayit_tarihi], [bolum_id]) VALUES (10000000019, N'Enes Çağrıhan                                     ', N'ÖZTÜRK                                            ', N'NULL                                              ', 0x1F0E3DAD99908345F7439F8FFABDFFC4, CAST(N'2020-03-11' AS Date), 1)
INSERT [dbo].[ogrenci] ([numara], [ad], [soyad], [e_posta], [sifre], [kayit_tarihi], [bolum_id]) VALUES (10000000020, N'Ahmet Salih                                       ', N'SEÇKİN                                            ', N'NULL                                              ', 0x98F13708210194C475687BE6106A3B84, CAST(N'2020-03-11' AS Date), 1)
INSERT [dbo].[ogrenci] ([numara], [ad], [soyad], [e_posta], [sifre], [kayit_tarihi], [bolum_id]) VALUES (10000000021, N'Zehra Nur                                         ', N'SOMA                                              ', N'NULL                                              ', 0x3C59DC048E8850243BE8079A5C74D079, CAST(N'2020-03-11' AS Date), 1)
INSERT [dbo].[ogrenci] ([numara], [ad], [soyad], [e_posta], [sifre], [kayit_tarihi], [bolum_id]) VALUES (10000000022, N'Süleyman Uğur                                     ', N'TAVUKÇU                                           ', N'NULL                                              ', 0xB6D767D2F8ED5D21A44B0E5886680CB9, CAST(N'2020-03-11' AS Date), 1)
INSERT [dbo].[ogrenci] ([numara], [ad], [soyad], [e_posta], [sifre], [kayit_tarihi], [bolum_id]) VALUES (10000000023, N'Ece Yaren                                         ', N'TAYKUTGÜL                                         ', N'NULL                                              ', 0x37693CFC748049E45D87B8C7D8B9AACD, CAST(N'2020-03-11' AS Date), 1)
INSERT [dbo].[ogrenci] ([numara], [ad], [soyad], [e_posta], [sifre], [kayit_tarihi], [bolum_id]) VALUES (10000000024, N'Şeyma Nur                                         ', N'TERZİOĞLU                                         ', N'NULL                                              ', 0x1FF1DE774005F8DA13F42943881C655F, CAST(N'2020-03-11' AS Date), 1)
INSERT [dbo].[ogrenci] ([numara], [ad], [soyad], [e_posta], [sifre], [kayit_tarihi], [bolum_id]) VALUES (10000000025, N'Mustafa Ünal                                      ', N'UÇAR                                              ', N'NULL                                              ', 0x8E296A067A37563370DED05F5A3BF3EC, CAST(N'2020-03-11' AS Date), 1)
INSERT [dbo].[ogrenci] ([numara], [ad], [soyad], [e_posta], [sifre], [kayit_tarihi], [bolum_id]) VALUES (10000000026, N'Mehmet Fatih                                      ', N'ÜNSAL                                             ', N'NULL                                              ', 0x4E732CED3463D06DE0CA9A15B6153677, CAST(N'2020-03-11' AS Date), 1)
INSERT [dbo].[ogrenci] ([numara], [ad], [soyad], [e_posta], [sifre], [kayit_tarihi], [bolum_id]) VALUES (10000000027, N'Hüseyin Mert                                      ', N'YAVAŞ                                             ', N'NULL                                              ', 0x02E74F10E0327AD868D138F2B4FDD6F0, CAST(N'2020-03-11' AS Date), 1)
INSERT [dbo].[ogrenci] ([numara], [ad], [soyad], [e_posta], [sifre], [kayit_tarihi], [bolum_id]) VALUES (10000000028, N'Berfin Buse                                       ', N'YEŞİLYURT                                         ', N'NULL                                              ', 0x33E75FF09DD601BBE69F351039152189, CAST(N'2020-03-11' AS Date), 1)
INSERT [dbo].[ogrenci] ([numara], [ad], [soyad], [e_posta], [sifre], [kayit_tarihi], [bolum_id]) VALUES (10000000029, N'İsa Faruk                                         ', N'ZENGİN                                            ', N'NULL                                              ', 0x6EA9AB1BAA0EFB9E19094440C317E21B, CAST(N'2020-03-11' AS Date), 1)
INSERT [dbo].[ogrenci] ([numara], [ad], [soyad], [e_posta], [sifre], [kayit_tarihi], [bolum_id]) VALUES (10000000030, N'Adem                                              ', N'ŞAHİN                                             ', N'NULL                                              ', 0x34173CB38F07F89DDBEBC2AC9128303F, CAST(N'2020-03-11' AS Date), 1)
INSERT [dbo].[ogrenci] ([numara], [ad], [soyad], [e_posta], [sifre], [kayit_tarihi], [bolum_id]) VALUES (10000000031, N'Ahmet                                             ', N'KEBAPCI                                           ', N'NULL                                              ', 0xC16A5320FA475530D9583C34FD356EF5, CAST(N'2020-03-11' AS Date), 1)
INSERT [dbo].[ogrenci] ([numara], [ad], [soyad], [e_posta], [sifre], [kayit_tarihi], [bolum_id]) VALUES (10000000032, N'Ali                                               ', N'KELEŞ                                             ', N'NULL                                              ', 0x6364D3F0F495B6AB9DCF8D3B5C6E0B01, CAST(N'2020-03-11' AS Date), 1)
INSERT [dbo].[ogrenci] ([numara], [ad], [soyad], [e_posta], [sifre], [kayit_tarihi], [bolum_id]) VALUES (10000000033, N'Alican                                            ', N'SELEN                                             ', N'NULL                                              ', 0x182BE0C5CDCD5072BB1864CDEE4D3D6E, CAST(N'2020-03-11' AS Date), 1)
INSERT [dbo].[ogrenci] ([numara], [ad], [soyad], [e_posta], [sifre], [kayit_tarihi], [bolum_id]) VALUES (10000000034, N'Alkan                                             ', N'PLATİN                                            ', N'NULL                                              ', 0xE369853DF766FA44E1ED0FF613F563BD, CAST(N'2020-03-11' AS Date), 1)
INSERT [dbo].[ogrenci] ([numara], [ad], [soyad], [e_posta], [sifre], [kayit_tarihi], [bolum_id]) VALUES (10000000035, N'Alperen                                           ', N'ŞEKER                                             ', N'NULL                                              ', 0x1C383CD30B7C298AB50293ADFECB7B18, CAST(N'2020-03-11' AS Date), 1)
INSERT [dbo].[ogrenci] ([numara], [ad], [soyad], [e_posta], [sifre], [kayit_tarihi], [bolum_id]) VALUES (10000000036, N'Arif                                              ', N'AYDIN                                             ', N'NULL                                              ', 0x19CA14E7EA6328A42E0EB13D585E4C22, CAST(N'2020-03-11' AS Date), 1)
INSERT [dbo].[ogrenci] ([numara], [ad], [soyad], [e_posta], [sifre], [kayit_tarihi], [bolum_id]) VALUES (10000000037, N'Ayşenur                                           ', N'AYGÜN                                             ', N'NULL                                              ', 0xA5BFC9E07964F8DDDEB95FC584CD965D, CAST(N'2020-03-11' AS Date), 1)
INSERT [dbo].[ogrenci] ([numara], [ad], [soyad], [e_posta], [sifre], [kayit_tarihi], [bolum_id]) VALUES (10000000038, N'Batuhan                                           ', N'YETER                                             ', N'NULL                                              ', 0xA5771BCE93E200C36F7CD9DFD0E5DEAA, CAST(N'2020-03-11' AS Date), 1)
INSERT [dbo].[ogrenci] ([numara], [ad], [soyad], [e_posta], [sifre], [kayit_tarihi], [bolum_id]) VALUES (10000000039, N'Berkay                                            ', N'YÜKSEL                                            ', N'NULL                                              ', 0xD67D8AB4F4C10BF22AA353E27879133C, CAST(N'2020-03-11' AS Date), 1)
INSERT [dbo].[ogrenci] ([numara], [ad], [soyad], [e_posta], [sifre], [kayit_tarihi], [bolum_id]) VALUES (10000000040, N'Betül                                             ', N'TETİK                                             ', N'NULL                                              ', 0xD645920E395FEDAD7BBBED0ECA3FE2E0, CAST(N'2020-03-11' AS Date), 1)
INSERT [dbo].[ogrenci] ([numara], [ad], [soyad], [e_posta], [sifre], [kayit_tarihi], [bolum_id]) VALUES (10000000041, N'Betül                                             ', N'YILMAZ                                            ', N'NULL                                              ', 0x3416A75F4CEA9109507CACD8E2F2AEFC, CAST(N'2020-03-11' AS Date), 1)
INSERT [dbo].[ogrenci] ([numara], [ad], [soyad], [e_posta], [sifre], [kayit_tarihi], [bolum_id]) VALUES (10000000042, N'Beytullah                                         ', N'AY                                                ', N'NULL                                              ', 0xA1D0C6E83F027327D8461063F4AC58A6, CAST(N'2020-03-11' AS Date), 1)
INSERT [dbo].[ogrenci] ([numara], [ad], [soyad], [e_posta], [sifre], [kayit_tarihi], [bolum_id]) VALUES (10000000043, N'Buğra                                             ', N'DARYAL                                            ', N'NULL                                              ', 0x17E62166FC8586DFA4D1BC0E1742C08B, CAST(N'2020-03-11' AS Date), 1)
INSERT [dbo].[ogrenci] ([numara], [ad], [soyad], [e_posta], [sifre], [kayit_tarihi], [bolum_id]) VALUES (10000000044, N'Buğrahan                                          ', N'KIRMIZI                                           ', N'NULL                                              ', 0xF7177163C833DFF4B38FC8D2872F1EC6, CAST(N'2020-03-11' AS Date), 1)
INSERT [dbo].[ogrenci] ([numara], [ad], [soyad], [e_posta], [sifre], [kayit_tarihi], [bolum_id]) VALUES (10000000045, N'Buket                                             ', N'PEHLİVAN                                          ', N'NULL                                              ', 0x6C8349CC7260AE62E3B1396831A8398F, CAST(N'2020-03-11' AS Date), 1)
INSERT [dbo].[ogrenci] ([numara], [ad], [soyad], [e_posta], [sifre], [kayit_tarihi], [bolum_id]) VALUES (10000000046, N'Burak                                             ', N'CAN                                               ', N'NULL                                              ', 0xD9D4F495E875A2E075A1A4A6E1B9770F, CAST(N'2020-03-11' AS Date), 1)
INSERT [dbo].[ogrenci] ([numara], [ad], [soyad], [e_posta], [sifre], [kayit_tarihi], [bolum_id]) VALUES (10000000047, N'Burak                                             ', N'ÇALIŞKAN                                          ', N'NULL                                              ', 0x67C6A1E7CE56D3D6FA748AB6D9AF3FD7, CAST(N'2020-03-11' AS Date), 1)
INSERT [dbo].[ogrenci] ([numara], [ad], [soyad], [e_posta], [sifre], [kayit_tarihi], [bolum_id]) VALUES (10000000048, N'Büşra                                             ', N'KILIÇ                                             ', N'NULL                                              ', 0x642E92EFB79421734881B53E1E1B18B6, CAST(N'2020-03-11' AS Date), 1)
INSERT [dbo].[ogrenci] ([numara], [ad], [soyad], [e_posta], [sifre], [kayit_tarihi], [bolum_id]) VALUES (10000000049, N'Büşra                                             ', N'TAYLAN                                            ', N'NULL                                              ', 0xF457C545A9DED88F18ECEE47145A72C0, CAST(N'2020-03-11' AS Date), 1)
INSERT [dbo].[ogrenci] ([numara], [ad], [soyad], [e_posta], [sifre], [kayit_tarihi], [bolum_id]) VALUES (10000000050, N'Can                                               ', N'CİVEKOĞLU                                         ', N'NULL                                              ', 0xC0C7C76D30BD3DCAEFC96F40275BDC0A, CAST(N'2020-03-11' AS Date), 1)
INSERT [dbo].[ogrenci] ([numara], [ad], [soyad], [e_posta], [sifre], [kayit_tarihi], [bolum_id]) VALUES (10000000051, N'Çağla                                             ', N'KİRAZKAYA                                         ', N'NULL                                              ', 0x2838023A778DFAECDC212708F721B788, CAST(N'2020-03-11' AS Date), 1)
INSERT [dbo].[ogrenci] ([numara], [ad], [soyad], [e_posta], [sifre], [kayit_tarihi], [bolum_id]) VALUES (10000000052, N'Deniz                                             ', N'BAYUTMUŞ                                          ', N'NULL                                              ', 0x9A1158154DFA42CADDBD0694A4E9BDC8, CAST(N'2020-03-11' AS Date), 1)
INSERT [dbo].[ogrenci] ([numara], [ad], [soyad], [e_posta], [sifre], [kayit_tarihi], [bolum_id]) VALUES (10000000053, N'Deniz                                             ', N'ÇAKMAKCİ                                          ', N'NULL                                              ', 0xD82C8D1619AD8176D665453CFB2E55F0, CAST(N'2020-03-11' AS Date), 1)
INSERT [dbo].[ogrenci] ([numara], [ad], [soyad], [e_posta], [sifre], [kayit_tarihi], [bolum_id]) VALUES (10000000054, N'Denizhan                                          ', N'SARAÇ                                             ', N'NULL                                              ', 0xA684ECEEE76FC522773286A895BC8436, CAST(N'2020-03-11' AS Date), 1)
INSERT [dbo].[ogrenci] ([numara], [ad], [soyad], [e_posta], [sifre], [kayit_tarihi], [bolum_id]) VALUES (10000000055, N'Ebru                                              ', N'ÇENGEL                                            ', N'NULL                                              ', 0xB53B3A3D6AB90CE0268229151C9BDE11, CAST(N'2020-03-11' AS Date), 1)
INSERT [dbo].[ogrenci] ([numara], [ad], [soyad], [e_posta], [sifre], [kayit_tarihi], [bolum_id]) VALUES (10000000056, N'Eda                                               ', N'ÜSTÜN                                             ', N'NULL                                              ', 0x9F61408E3AFB633E50CDF1B20DE6F466, CAST(N'2020-03-11' AS Date), 1)
INSERT [dbo].[ogrenci] ([numara], [ad], [soyad], [e_posta], [sifre], [kayit_tarihi], [bolum_id]) VALUES (10000000057, N'Emre                                              ', N'TURAÇ                                             ', N'NULL                                              ', 0x72B32A1F754BA1C09B3695E0CB6CDE7F, CAST(N'2020-03-11' AS Date), 1)
INSERT [dbo].[ogrenci] ([numara], [ad], [soyad], [e_posta], [sifre], [kayit_tarihi], [bolum_id]) VALUES (10000000058, N'Emrecan                                           ', N'AKAR                                              ', N'NULL                                              ', 0x66F041E16A60928B05A7E228A89C3799, CAST(N'2020-03-11' AS Date), 1)
INSERT [dbo].[ogrenci] ([numara], [ad], [soyad], [e_posta], [sifre], [kayit_tarihi], [bolum_id]) VALUES (10000000059, N'Enes                                              ', N'BİLGEN                                            ', N'NULL                                              ', 0x093F65E080A295F8076B1C5722A46AA2, CAST(N'2020-03-11' AS Date), 1)
INSERT [dbo].[ogrenci] ([numara], [ad], [soyad], [e_posta], [sifre], [kayit_tarihi], [bolum_id]) VALUES (10000000060, N'Engin                                             ', N'GÜLEK                                             ', N'NULL                                              ', 0x072B030BA126B2F4B2374F342BE9ED44, CAST(N'2020-03-11' AS Date), 1)
INSERT [dbo].[ogrenci] ([numara], [ad], [soyad], [e_posta], [sifre], [kayit_tarihi], [bolum_id]) VALUES (10000000061, N'Esra                                              ', N'ÇAVDAR                                            ', N'NULL                                              ', 0x7F39F8317FBDB1988EF4C628EBA02591, CAST(N'2020-03-11' AS Date), 1)
INSERT [dbo].[ogrenci] ([numara], [ad], [soyad], [e_posta], [sifre], [kayit_tarihi], [bolum_id]) VALUES (10000000062, N'Furkan                                            ', N'YILMAZ                                            ', N'NULL                                              ', 0x44F683A84163B3523AFE57C2E008BC8C, CAST(N'2020-03-11' AS Date), 1)
INSERT [dbo].[ogrenci] ([numara], [ad], [soyad], [e_posta], [sifre], [kayit_tarihi], [bolum_id]) VALUES (10000000063, N'Gökhan                                            ', N'BİÇER                                             ', N'NULL                                              ', 0x03AFDBD66E7929B125F8597834FA83A4, CAST(N'2020-03-11' AS Date), 1)
INSERT [dbo].[ogrenci] ([numara], [ad], [soyad], [e_posta], [sifre], [kayit_tarihi], [bolum_id]) VALUES (10000000064, N'Hakan                                             ', N'SEZER                                             ', N'NULL                                              ', 0xEA5D2F1C4608232E07D3AA3D998E5135, CAST(N'2020-03-11' AS Date), 1)
INSERT [dbo].[ogrenci] ([numara], [ad], [soyad], [e_posta], [sifre], [kayit_tarihi], [bolum_id]) VALUES (10000000065, N'Halil                                             ', N'AYDIN                                             ', N'NULL                                              ', 0xFC490CA45C00B1249BBE3554A4FDF6FB, CAST(N'2020-03-11' AS Date), 1)
INSERT [dbo].[ogrenci] ([numara], [ad], [soyad], [e_posta], [sifre], [kayit_tarihi], [bolum_id]) VALUES (10000000066, N'Haluk                                             ', N'TANRIKULU                                         ', N'NULL                                              ', 0x3295C76ACBF4CAAED33C36B1B5FC2CB1, CAST(N'2020-03-11' AS Date), 1)
INSERT [dbo].[ogrenci] ([numara], [ad], [soyad], [e_posta], [sifre], [kayit_tarihi], [bolum_id]) VALUES (10000000067, N'Hamit                                             ', N'BAŞDAŞ                                            ', N'NULL                                              ', 0x735B90B4568125ED6C3F678819B6E058, CAST(N'2020-03-11' AS Date), 1)
INSERT [dbo].[ogrenci] ([numara], [ad], [soyad], [e_posta], [sifre], [kayit_tarihi], [bolum_id]) VALUES (10000000068, N'Hüseyin                                           ', N'GÜL                                               ', N'NULL                                              ', 0xA3F390D88E4C41F2747BFA2F1B5F87DB, CAST(N'2020-03-11' AS Date), 1)
INSERT [dbo].[ogrenci] ([numara], [ad], [soyad], [e_posta], [sifre], [kayit_tarihi], [bolum_id]) VALUES (10000000069, N'İlknur                                            ', N'SAVCI                                             ', N'NULL                                              ', 0x14BFA6BB14875E45BBA028A21ED38046, CAST(N'2020-03-11' AS Date), 1)
INSERT [dbo].[ogrenci] ([numara], [ad], [soyad], [e_posta], [sifre], [kayit_tarihi], [bolum_id]) VALUES (10000000070, N'İrfan                                             ', N'DERDİYOK                                          ', N'NULL                                              ', 0x7CBBC409EC990F19C78C75BD1E06F215, CAST(N'2020-03-11' AS Date), 1)
INSERT [dbo].[ogrenci] ([numara], [ad], [soyad], [e_posta], [sifre], [kayit_tarihi], [bolum_id]) VALUES (10000000071, N'Kadir                                             ', N'ZABUN                                             ', N'NULL                                              ', 0xE2C420D928D4BF8CE0FF2EC19B371514, CAST(N'2020-03-11' AS Date), 1)
INSERT [dbo].[ogrenci] ([numara], [ad], [soyad], [e_posta], [sifre], [kayit_tarihi], [bolum_id]) VALUES (10000000072, N'Kubilay                                           ', N'KILIÇ                                             ', N'NULL                                              ', 0x32BB90E8976AAB5298D5DA10FE66F21D, CAST(N'2020-03-11' AS Date), 1)
INSERT [dbo].[ogrenci] ([numara], [ad], [soyad], [e_posta], [sifre], [kayit_tarihi], [bolum_id]) VALUES (10000000073, N'Kübra                                             ', N'SAMUR                                             ', N'NULL                                              ', 0xD2DDEA18F00665CE8623E36BD4E3C7C5, CAST(N'2020-03-11' AS Date), 1)
INSERT [dbo].[ogrenci] ([numara], [ad], [soyad], [e_posta], [sifre], [kayit_tarihi], [bolum_id]) VALUES (10000000074, N'Mehmet                                            ', N'KARACA                                            ', N'NULL                                              ', 0xAD61AB143223EFBC24C7D2583BE69251, CAST(N'2020-03-11' AS Date), 1)
INSERT [dbo].[ogrenci] ([numara], [ad], [soyad], [e_posta], [sifre], [kayit_tarihi], [bolum_id]) VALUES (10000000075, N'Mert                                              ', N'AKSU                                              ', N'NULL                                              ', 0xD09BF41544A3365A46C9077EBB5E35C3, CAST(N'2020-03-11' AS Date), 1)
INSERT [dbo].[ogrenci] ([numara], [ad], [soyad], [e_posta], [sifre], [kayit_tarihi], [bolum_id]) VALUES (10000000076, N'Mertcan                                           ', N'ÇANLI                                             ', N'NULL                                              ', 0xFBD7939D674997CDB4692D34DE8633C4, CAST(N'2020-03-11' AS Date), 1)
INSERT [dbo].[ogrenci] ([numara], [ad], [soyad], [e_posta], [sifre], [kayit_tarihi], [bolum_id]) VALUES (10000000077, N'Merve                                             ', N'KİBİR                                             ', N'NULL                                              ', 0x28DD2C7955CE926456240B2FF0100BDE, CAST(N'2020-03-11' AS Date), 1)
INSERT [dbo].[ogrenci] ([numara], [ad], [soyad], [e_posta], [sifre], [kayit_tarihi], [bolum_id]) VALUES (10000000078, N'Muhammed                                          ', N'GÜNER                                             ', N'NULL                                              ', 0x35F4A8D465E6E1EDC05F3D8AB658C551, CAST(N'2020-03-11' AS Date), 1)
INSERT [dbo].[ogrenci] ([numara], [ad], [soyad], [e_posta], [sifre], [kayit_tarihi], [bolum_id]) VALUES (10000000079, N'Muhammed                                          ', N'SAPMAZ                                            ', N'NULL                                              ', 0xD1FE173D08E959397ADF34B1D77E88D7, CAST(N'2020-03-11' AS Date), 1)
INSERT [dbo].[ogrenci] ([numara], [ad], [soyad], [e_posta], [sifre], [kayit_tarihi], [bolum_id]) VALUES (10000000080, N'Murat                                             ', N'BEKTAŞ                                            ', N'NULL                                              ', 0xF033AB37C30201F73F142449D037028D, CAST(N'2020-03-11' AS Date), 1)
INSERT [dbo].[ogrenci] ([numara], [ad], [soyad], [e_posta], [sifre], [kayit_tarihi], [bolum_id]) VALUES (10000000081, N'Nesrin                                            ', N'BOZAN                                             ', N'NULL                                              ', 0x43EC517D68B6EDD3015B3EDC9A11367B, CAST(N'2020-03-11' AS Date), 1)
INSERT [dbo].[ogrenci] ([numara], [ad], [soyad], [e_posta], [sifre], [kayit_tarihi], [bolum_id]) VALUES (10000000082, N'Oğuzhan                                           ', N'CAN                                               ', N'NULL                                              ', 0x9778D5D219C5080B9A6A17BEF029331C, CAST(N'2020-03-11' AS Date), 1)
INSERT [dbo].[ogrenci] ([numara], [ad], [soyad], [e_posta], [sifre], [kayit_tarihi], [bolum_id]) VALUES (10000000083, N'Oğuzhan                                           ', N'ŞİMŞEK                                            ', N'NULL                                              ', 0xFE9FC289C3FF0AF142B6D3BEAD98A923, CAST(N'2020-03-11' AS Date), 1)
INSERT [dbo].[ogrenci] ([numara], [ad], [soyad], [e_posta], [sifre], [kayit_tarihi], [bolum_id]) VALUES (10000000084, N'Onur                                              ', N'ÇAKAR                                             ', N'NULL                                              ', 0x68D30A9594728BC39AA24BE94B319D21, CAST(N'2020-03-11' AS Date), 1)
INSERT [dbo].[ogrenci] ([numara], [ad], [soyad], [e_posta], [sifre], [kayit_tarihi], [bolum_id]) VALUES (10000000085, N'Rabia                                             ', N'ACAR                                              ', N'NULL                                              ', 0x3EF815416F775098FE977004015C6193, CAST(N'2020-03-11' AS Date), 1)
INSERT [dbo].[ogrenci] ([numara], [ad], [soyad], [e_posta], [sifre], [kayit_tarihi], [bolum_id]) VALUES (10000000086, N'Rabia                                             ', N'ÖZAKTAN                                           ', N'NULL                                              ', 0x93DB85ED909C13838FF95CCFA94CEBD9, CAST(N'2020-03-11' AS Date), 1)
INSERT [dbo].[ogrenci] ([numara], [ad], [soyad], [e_posta], [sifre], [kayit_tarihi], [bolum_id]) VALUES (10000000087, N'Ramazan                                           ', N'KARABACAK                                         ', N'NULL                                              ', 0xC7E1249FFC03EB9DED908C236BD1996D, CAST(N'2020-03-11' AS Date), 1)
INSERT [dbo].[ogrenci] ([numara], [ad], [soyad], [e_posta], [sifre], [kayit_tarihi], [bolum_id]) VALUES (10000000088, N'Rumeysa                                           ', N'GEÇGÜN                                            ', N'NULL                                              ', 0x2A38A4A9316C49E5A833517C45D31070, CAST(N'2020-03-11' AS Date), 1)
INSERT [dbo].[ogrenci] ([numara], [ad], [soyad], [e_posta], [sifre], [kayit_tarihi], [bolum_id]) VALUES (10000000089, N'Salih                                             ', N'DURAK                                             ', N'NULL                                              ', 0x7647966B7343C29048673252E490F736, CAST(N'2020-03-11' AS Date), 1)
INSERT [dbo].[ogrenci] ([numara], [ad], [soyad], [e_posta], [sifre], [kayit_tarihi], [bolum_id]) VALUES (10000000090, N'Salimcan                                          ', N'KAYA                                              ', N'NULL                                              ', 0x8613985EC49EB8F757AE6439E879BB2A, CAST(N'2020-03-11' AS Date), 1)
INSERT [dbo].[ogrenci] ([numara], [ad], [soyad], [e_posta], [sifre], [kayit_tarihi], [bolum_id]) VALUES (10000000091, N'Sergen                                            ', N'ORIN                                              ', N'NULL                                              ', 0x54229ABFCFA5649E7003B83DD4755294, CAST(N'2020-03-11' AS Date), 1)
INSERT [dbo].[ogrenci] ([numara], [ad], [soyad], [e_posta], [sifre], [kayit_tarihi], [bolum_id]) VALUES (10000000092, N'Serhat                                            ', N'ORAL                                              ', N'NULL                                              ', 0x92CC227532D17E56E07902B254DFAD10, CAST(N'2020-03-11' AS Date), 1)
INSERT [dbo].[ogrenci] ([numara], [ad], [soyad], [e_posta], [sifre], [kayit_tarihi], [bolum_id]) VALUES (10000000093, N'Serkan                                            ', N'KAYA                                              ', N'NULL                                              ', 0x98DCE83DA57B0395E163467C9DAE521B, CAST(N'2020-03-11' AS Date), 1)
INSERT [dbo].[ogrenci] ([numara], [ad], [soyad], [e_posta], [sifre], [kayit_tarihi], [bolum_id]) VALUES (10000000094, N'Sümeyya                                           ', N'TERZİ                                             ', N'NULL                                              ', 0xF4B9EC30AD9F68F89B29639786CB62EF, CAST(N'2020-03-11' AS Date), 1)
INSERT [dbo].[ogrenci] ([numara], [ad], [soyad], [e_posta], [sifre], [kayit_tarihi], [bolum_id]) VALUES (10000000095, N'Sümeyye                                           ', N'CEVAHİR                                           ', N'NULL                                              ', 0x812B4BA287F5EE0BC9D43BBF5BBE87FB, CAST(N'2020-03-11' AS Date), 1)
INSERT [dbo].[ogrenci] ([numara], [ad], [soyad], [e_posta], [sifre], [kayit_tarihi], [bolum_id]) VALUES (10000000096, N'Sümeyye                                           ', N'KÖSE                                              ', N'NULL                                              ', 0x26657D5FF9020D2ABEFE558796B99584, CAST(N'2020-03-11' AS Date), 1)
INSERT [dbo].[ogrenci] ([numara], [ad], [soyad], [e_posta], [sifre], [kayit_tarihi], [bolum_id]) VALUES (10000000097, N'Şirin                                             ', N'DEMİR                                             ', N'NULL                                              ', 0xE2EF524FBF3D9FE611D5A8E90FEFDC9C, CAST(N'2020-03-11' AS Date), 1)
INSERT [dbo].[ogrenci] ([numara], [ad], [soyad], [e_posta], [sifre], [kayit_tarihi], [bolum_id]) VALUES (10000000098, N'Tahsin                                            ', N'ESKİCİ                                            ', N'NULL                                              ', 0xED3D2C21991E3BEF5E069713AF9FA6CA, CAST(N'2020-03-11' AS Date), 1)
INSERT [dbo].[ogrenci] ([numara], [ad], [soyad], [e_posta], [sifre], [kayit_tarihi], [bolum_id]) VALUES (10000000099, N'Ufuk                                              ', N'ARGUN                                             ', N'NULL                                              ', 0xAC627AB1CCBDB62EC96E702F07F6425B, CAST(N'2020-03-11' AS Date), 1)
INSERT [dbo].[ogrenci] ([numara], [ad], [soyad], [e_posta], [sifre], [kayit_tarihi], [bolum_id]) VALUES (10000000100, N'Yaren                                             ', N'SARP                                              ', N'NULL                                              ', 0xF899139DF5E1059396431415E770C6DD, CAST(N'2020-03-11' AS Date), 1)
INSERT [dbo].[ogrenci] ([numara], [ad], [soyad], [e_posta], [sifre], [kayit_tarihi], [bolum_id]) VALUES (10000000101, N'Yiğit                                             ', N'TUNÇEL                                            ', N'NULL                                              ', 0x38B3EFF8BAF56627478EC76A704E9B52, CAST(N'2020-03-11' AS Date), 1)
INSERT [dbo].[ogrenci] ([numara], [ad], [soyad], [e_posta], [sifre], [kayit_tarihi], [bolum_id]) VALUES (10000000102, N'Yunus                                             ', N'DURGUT                                            ', N'NULL                                              ', 0xEC8956637A99787BD197EACD77ACCE5E, CAST(N'2020-03-11' AS Date), 1)
INSERT [dbo].[ogrenci_ders] ([ogr_no], [ders_kod], [not_arasinav], [not_final], [not_odev], [not_uygulama]) VALUES (10000000000, N'BM210 ', 10, 100, 20, 100)
INSERT [dbo].[ogrenci_ders] ([ogr_no], [ders_kod], [not_arasinav], [not_final], [not_odev], [not_uygulama]) VALUES (10000000001, N'BM210 ', 20, 95, 40, 99)
INSERT [dbo].[ogrenci_ders] ([ogr_no], [ders_kod], [not_arasinav], [not_final], [not_odev], [not_uygulama]) VALUES (10000000002, N'BM210 ', 30, 90, 60, 98)
INSERT [dbo].[ogrenci_ders] ([ogr_no], [ders_kod], [not_arasinav], [not_final], [not_odev], [not_uygulama]) VALUES (10000000003, N'BM210 ', 40, 85, 80, 97)
INSERT [dbo].[ogrenci_ders] ([ogr_no], [ders_kod], [not_arasinav], [not_final], [not_odev], [not_uygulama]) VALUES (10000000004, N'BM210 ', 50, 80, 100, 96)
INSERT [dbo].[ogrenci_ders] ([ogr_no], [ders_kod], [not_arasinav], [not_final], [not_odev], [not_uygulama]) VALUES (10000000005, N'BM210 ', 60, 75, 100, 95)
INSERT [dbo].[ogrenci_ders] ([ogr_no], [ders_kod], [not_arasinav], [not_final], [not_odev], [not_uygulama]) VALUES (10000000006, N'BM210 ', 70, 70, 80, 94)
INSERT [dbo].[ogrenci_ders] ([ogr_no], [ders_kod], [not_arasinav], [not_final], [not_odev], [not_uygulama]) VALUES (10000000007, N'BM210 ', 80, 65, 60, 93)
INSERT [dbo].[ogrenci_ders] ([ogr_no], [ders_kod], [not_arasinav], [not_final], [not_odev], [not_uygulama]) VALUES (10000000008, N'BM210 ', 90, 60, 40, 92)
INSERT [dbo].[ogrenci_ders] ([ogr_no], [ders_kod], [not_arasinav], [not_final], [not_odev], [not_uygulama]) VALUES (10000000009, N'BM210 ', 100, 55, 20, 91)
INSERT [dbo].[ogrenci_ders] ([ogr_no], [ders_kod], [not_arasinav], [not_final], [not_odev], [not_uygulama]) VALUES (10000000010, N'BM210 ', 100, 50, 20, 90)
INSERT [dbo].[ogrenci_ders] ([ogr_no], [ders_kod], [not_arasinav], [not_final], [not_odev], [not_uygulama]) VALUES (10000000011, N'BM210 ', 90, 45, 40, 90)
INSERT [dbo].[ogrenci_ders] ([ogr_no], [ders_kod], [not_arasinav], [not_final], [not_odev], [not_uygulama]) VALUES (10000000012, N'BM210 ', 80, 40, 60, 91)
INSERT [dbo].[ogrenci_ders] ([ogr_no], [ders_kod], [not_arasinav], [not_final], [not_odev], [not_uygulama]) VALUES (10000000013, N'BM210 ', 70, 35, 80, 92)
INSERT [dbo].[ogrenci_ders] ([ogr_no], [ders_kod], [not_arasinav], [not_final], [not_odev], [not_uygulama]) VALUES (10000000014, N'BM210 ', 60, 30, 100, 93)
INSERT [dbo].[ogrenci_ders] ([ogr_no], [ders_kod], [not_arasinav], [not_final], [not_odev], [not_uygulama]) VALUES (10000000015, N'BM210 ', 50, 25, 100, 94)
INSERT [dbo].[ogrenci_ders] ([ogr_no], [ders_kod], [not_arasinav], [not_final], [not_odev], [not_uygulama]) VALUES (10000000016, N'BM210 ', 40, 20, 80, 95)
INSERT [dbo].[ogrenci_ders] ([ogr_no], [ders_kod], [not_arasinav], [not_final], [not_odev], [not_uygulama]) VALUES (10000000017, N'BM210 ', 30, 15, 60, 96)
INSERT [dbo].[ogrenci_ders] ([ogr_no], [ders_kod], [not_arasinav], [not_final], [not_odev], [not_uygulama]) VALUES (10000000018, N'BM210 ', 20, 10, 40, 97)
INSERT [dbo].[ogrenci_ders] ([ogr_no], [ders_kod], [not_arasinav], [not_final], [not_odev], [not_uygulama]) VALUES (10000000019, N'BM210 ', 10, 5, 20, 98)
INSERT [dbo].[ogrenci_ders] ([ogr_no], [ders_kod], [not_arasinav], [not_final], [not_odev], [not_uygulama]) VALUES (10000000020, N'BM210 ', 10, 5, 20, 99)
INSERT [dbo].[ogrenci_ders] ([ogr_no], [ders_kod], [not_arasinav], [not_final], [not_odev], [not_uygulama]) VALUES (10000000021, N'BM210 ', 20, 10, 40, 100)
INSERT [dbo].[ogrenci_ders] ([ogr_no], [ders_kod], [not_arasinav], [not_final], [not_odev], [not_uygulama]) VALUES (10000000022, N'BM210 ', 30, 15, 60, 100)
INSERT [dbo].[ogrenci_ders] ([ogr_no], [ders_kod], [not_arasinav], [not_final], [not_odev], [not_uygulama]) VALUES (10000000023, N'BM210 ', 40, 20, 80, 99)
INSERT [dbo].[ogrenci_ders] ([ogr_no], [ders_kod], [not_arasinav], [not_final], [not_odev], [not_uygulama]) VALUES (10000000024, N'BM210 ', 50, 25, 100, 98)
INSERT [dbo].[ogrenci_ders] ([ogr_no], [ders_kod], [not_arasinav], [not_final], [not_odev], [not_uygulama]) VALUES (10000000025, N'BM210 ', 60, 30, 100, 97)
INSERT [dbo].[ogrenci_ders] ([ogr_no], [ders_kod], [not_arasinav], [not_final], [not_odev], [not_uygulama]) VALUES (10000000026, N'BM210 ', 70, 35, 80, 96)
INSERT [dbo].[ogrenci_ders] ([ogr_no], [ders_kod], [not_arasinav], [not_final], [not_odev], [not_uygulama]) VALUES (10000000027, N'BM210 ', 80, 40, 60, 95)
INSERT [dbo].[ogrenci_ders] ([ogr_no], [ders_kod], [not_arasinav], [not_final], [not_odev], [not_uygulama]) VALUES (10000000028, N'BM210 ', 90, 45, 40, 94)
INSERT [dbo].[ogrenci_ders] ([ogr_no], [ders_kod], [not_arasinav], [not_final], [not_odev], [not_uygulama]) VALUES (10000000029, N'BM210 ', 100, 50, 20, 93)
INSERT [dbo].[ogrenci_ders] ([ogr_no], [ders_kod], [not_arasinav], [not_final], [not_odev], [not_uygulama]) VALUES (10000000030, N'BM210 ', 100, 55, 20, 92)
INSERT [dbo].[ogrenci_ders] ([ogr_no], [ders_kod], [not_arasinav], [not_final], [not_odev], [not_uygulama]) VALUES (10000000031, N'BM210 ', 90, 60, 40, 91)
INSERT [dbo].[ogrenci_ders] ([ogr_no], [ders_kod], [not_arasinav], [not_final], [not_odev], [not_uygulama]) VALUES (10000000032, N'BM210 ', 80, 65, 60, 90)
INSERT [dbo].[ogrenci_ders] ([ogr_no], [ders_kod], [not_arasinav], [not_final], [not_odev], [not_uygulama]) VALUES (10000000033, N'BM210 ', 70, 70, 80, 90)
INSERT [dbo].[ogrenci_ders] ([ogr_no], [ders_kod], [not_arasinav], [not_final], [not_odev], [not_uygulama]) VALUES (10000000034, N'BM210 ', 60, 75, 100, 91)
INSERT [dbo].[ogrenci_ders] ([ogr_no], [ders_kod], [not_arasinav], [not_final], [not_odev], [not_uygulama]) VALUES (10000000035, N'BM210 ', 50, 80, 100, 92)
INSERT [dbo].[ogrenci_ders] ([ogr_no], [ders_kod], [not_arasinav], [not_final], [not_odev], [not_uygulama]) VALUES (10000000036, N'BM210 ', 40, 85, 80, 93)
INSERT [dbo].[ogrenci_ders] ([ogr_no], [ders_kod], [not_arasinav], [not_final], [not_odev], [not_uygulama]) VALUES (10000000037, N'BM210 ', 30, 90, 60, 94)
INSERT [dbo].[ogrenci_ders] ([ogr_no], [ders_kod], [not_arasinav], [not_final], [not_odev], [not_uygulama]) VALUES (10000000038, N'BM210 ', 20, 95, 40, 95)
INSERT [dbo].[ogrenci_ders] ([ogr_no], [ders_kod], [not_arasinav], [not_final], [not_odev], [not_uygulama]) VALUES (10000000039, N'BM210 ', 10, 100, 20, 96)
INSERT [dbo].[ogrenci_ders] ([ogr_no], [ders_kod], [not_arasinav], [not_final], [not_odev], [not_uygulama]) VALUES (10000000040, N'BM210 ', 10, 100, 20, 97)
INSERT [dbo].[ogrenci_ders] ([ogr_no], [ders_kod], [not_arasinav], [not_final], [not_odev], [not_uygulama]) VALUES (10000000041, N'BM210 ', 20, 95, 40, 98)
INSERT [dbo].[ogrenci_ders] ([ogr_no], [ders_kod], [not_arasinav], [not_final], [not_odev], [not_uygulama]) VALUES (10000000042, N'BM210 ', 30, 90, 60, 99)
INSERT [dbo].[ogrenci_ders] ([ogr_no], [ders_kod], [not_arasinav], [not_final], [not_odev], [not_uygulama]) VALUES (10000000043, N'BM210 ', 40, 85, 80, 100)
INSERT [dbo].[ogrenci_ders] ([ogr_no], [ders_kod], [not_arasinav], [not_final], [not_odev], [not_uygulama]) VALUES (10000000044, N'BM210 ', 50, 80, 100, 100)
INSERT [dbo].[ogrenci_ders] ([ogr_no], [ders_kod], [not_arasinav], [not_final], [not_odev], [not_uygulama]) VALUES (10000000045, N'BM210 ', 60, 75, 100, 99)
INSERT [dbo].[ogrenci_ders] ([ogr_no], [ders_kod], [not_arasinav], [not_final], [not_odev], [not_uygulama]) VALUES (10000000046, N'BM210 ', 70, 70, 80, 98)
INSERT [dbo].[ogrenci_ders] ([ogr_no], [ders_kod], [not_arasinav], [not_final], [not_odev], [not_uygulama]) VALUES (10000000047, N'BM210 ', 80, 65, 60, 97)
INSERT [dbo].[ogrenci_ders] ([ogr_no], [ders_kod], [not_arasinav], [not_final], [not_odev], [not_uygulama]) VALUES (10000000048, N'BM210 ', 90, 60, 40, 96)
INSERT [dbo].[ogrenci_ders] ([ogr_no], [ders_kod], [not_arasinav], [not_final], [not_odev], [not_uygulama]) VALUES (10000000049, N'BM210 ', 100, 55, 20, 95)
INSERT [dbo].[ogrenci_ders] ([ogr_no], [ders_kod], [not_arasinav], [not_final], [not_odev], [not_uygulama]) VALUES (10000000050, N'BM210 ', 100, 50, 20, 94)
INSERT [dbo].[ogrenci_ders] ([ogr_no], [ders_kod], [not_arasinav], [not_final], [not_odev], [not_uygulama]) VALUES (10000000051, N'BM210 ', 90, 45, 40, 93)
INSERT [dbo].[ogrenci_ders] ([ogr_no], [ders_kod], [not_arasinav], [not_final], [not_odev], [not_uygulama]) VALUES (10000000052, N'BM210 ', 80, 40, 60, 92)
INSERT [dbo].[ogrenci_ders] ([ogr_no], [ders_kod], [not_arasinav], [not_final], [not_odev], [not_uygulama]) VALUES (10000000053, N'BM210 ', 70, 35, 80, 91)
INSERT [dbo].[ogrenci_ders] ([ogr_no], [ders_kod], [not_arasinav], [not_final], [not_odev], [not_uygulama]) VALUES (10000000054, N'BM210 ', 60, 30, 100, 90)
INSERT [dbo].[ogrenci_ders] ([ogr_no], [ders_kod], [not_arasinav], [not_final], [not_odev], [not_uygulama]) VALUES (10000000055, N'BM210 ', 50, 25, 100, 90)
INSERT [dbo].[ogrenci_ders] ([ogr_no], [ders_kod], [not_arasinav], [not_final], [not_odev], [not_uygulama]) VALUES (10000000056, N'BM210 ', 40, 20, 80, 91)
INSERT [dbo].[ogrenci_ders] ([ogr_no], [ders_kod], [not_arasinav], [not_final], [not_odev], [not_uygulama]) VALUES (10000000057, N'BM210 ', 30, 15, 60, 92)
INSERT [dbo].[ogrenci_ders] ([ogr_no], [ders_kod], [not_arasinav], [not_final], [not_odev], [not_uygulama]) VALUES (10000000058, N'BM210 ', 20, 10, 40, 93)
INSERT [dbo].[ogrenci_ders] ([ogr_no], [ders_kod], [not_arasinav], [not_final], [not_odev], [not_uygulama]) VALUES (10000000059, N'BM210 ', 10, 5, 20, 94)
INSERT [dbo].[ogrenci_ders] ([ogr_no], [ders_kod], [not_arasinav], [not_final], [not_odev], [not_uygulama]) VALUES (10000000060, N'BM210 ', 10, 5, 20, 95)
INSERT [dbo].[ogrenci_ders] ([ogr_no], [ders_kod], [not_arasinav], [not_final], [not_odev], [not_uygulama]) VALUES (10000000061, N'BM210 ', 20, 10, 40, 96)
INSERT [dbo].[ogrenci_ders] ([ogr_no], [ders_kod], [not_arasinav], [not_final], [not_odev], [not_uygulama]) VALUES (10000000062, N'BM210 ', 30, 15, 60, 97)
INSERT [dbo].[ogrenci_ders] ([ogr_no], [ders_kod], [not_arasinav], [not_final], [not_odev], [not_uygulama]) VALUES (10000000063, N'BM210 ', 40, 20, 80, 98)
INSERT [dbo].[ogrenci_ders] ([ogr_no], [ders_kod], [not_arasinav], [not_final], [not_odev], [not_uygulama]) VALUES (10000000064, N'BM210 ', 50, 25, 100, 99)
INSERT [dbo].[ogrenci_ders] ([ogr_no], [ders_kod], [not_arasinav], [not_final], [not_odev], [not_uygulama]) VALUES (10000000065, N'BM210 ', 60, 30, 100, 100)
INSERT [dbo].[ogrenci_ders] ([ogr_no], [ders_kod], [not_arasinav], [not_final], [not_odev], [not_uygulama]) VALUES (10000000066, N'BM210 ', 70, 35, 80, 100)
INSERT [dbo].[ogrenci_ders] ([ogr_no], [ders_kod], [not_arasinav], [not_final], [not_odev], [not_uygulama]) VALUES (10000000067, N'BM210 ', 80, 40, 60, 99)
INSERT [dbo].[ogrenci_ders] ([ogr_no], [ders_kod], [not_arasinav], [not_final], [not_odev], [not_uygulama]) VALUES (10000000068, N'BM210 ', 90, 45, 40, 98)
INSERT [dbo].[ogrenci_ders] ([ogr_no], [ders_kod], [not_arasinav], [not_final], [not_odev], [not_uygulama]) VALUES (10000000069, N'BM210 ', 100, 50, 20, 97)
INSERT [dbo].[ogrenci_ders] ([ogr_no], [ders_kod], [not_arasinav], [not_final], [not_odev], [not_uygulama]) VALUES (10000000070, N'BM210 ', 100, 55, 20, 96)
INSERT [dbo].[ogrenci_ders] ([ogr_no], [ders_kod], [not_arasinav], [not_final], [not_odev], [not_uygulama]) VALUES (10000000071, N'BM210 ', 90, 60, 40, 95)
INSERT [dbo].[ogrenci_ders] ([ogr_no], [ders_kod], [not_arasinav], [not_final], [not_odev], [not_uygulama]) VALUES (10000000072, N'BM210 ', 80, 65, 60, 94)
INSERT [dbo].[ogrenci_ders] ([ogr_no], [ders_kod], [not_arasinav], [not_final], [not_odev], [not_uygulama]) VALUES (10000000073, N'BM210 ', 70, 70, 80, 93)
INSERT [dbo].[ogrenci_ders] ([ogr_no], [ders_kod], [not_arasinav], [not_final], [not_odev], [not_uygulama]) VALUES (10000000074, N'BM210 ', 60, 75, 100, 92)
INSERT [dbo].[ogrenci_ders] ([ogr_no], [ders_kod], [not_arasinav], [not_final], [not_odev], [not_uygulama]) VALUES (10000000075, N'BM210 ', 50, 80, 100, 91)
INSERT [dbo].[ogrenci_ders] ([ogr_no], [ders_kod], [not_arasinav], [not_final], [not_odev], [not_uygulama]) VALUES (10000000076, N'BM210 ', 40, 85, 80, 90)
INSERT [dbo].[ogrenci_ders] ([ogr_no], [ders_kod], [not_arasinav], [not_final], [not_odev], [not_uygulama]) VALUES (10000000077, N'BM210 ', 30, 90, 60, 90)
INSERT [dbo].[ogrenci_ders] ([ogr_no], [ders_kod], [not_arasinav], [not_final], [not_odev], [not_uygulama]) VALUES (10000000078, N'BM210 ', 20, 95, 40, 91)
INSERT [dbo].[ogrenci_ders] ([ogr_no], [ders_kod], [not_arasinav], [not_final], [not_odev], [not_uygulama]) VALUES (10000000079, N'BM210 ', 10, 100, 20, 92)
INSERT [dbo].[ogrenci_ders] ([ogr_no], [ders_kod], [not_arasinav], [not_final], [not_odev], [not_uygulama]) VALUES (10000000080, N'BM210 ', 10, 100, 20, 93)
INSERT [dbo].[ogrenci_ders] ([ogr_no], [ders_kod], [not_arasinav], [not_final], [not_odev], [not_uygulama]) VALUES (10000000081, N'BM210 ', 20, 95, 40, 94)
INSERT [dbo].[ogrenci_ders] ([ogr_no], [ders_kod], [not_arasinav], [not_final], [not_odev], [not_uygulama]) VALUES (10000000082, N'BM210 ', 30, 90, 60, 95)
INSERT [dbo].[ogrenci_ders] ([ogr_no], [ders_kod], [not_arasinav], [not_final], [not_odev], [not_uygulama]) VALUES (10000000083, N'BM210 ', 40, 85, 80, 96)
INSERT [dbo].[ogrenci_ders] ([ogr_no], [ders_kod], [not_arasinav], [not_final], [not_odev], [not_uygulama]) VALUES (10000000084, N'BM210 ', 50, 80, 100, 97)
INSERT [dbo].[ogrenci_ders] ([ogr_no], [ders_kod], [not_arasinav], [not_final], [not_odev], [not_uygulama]) VALUES (10000000085, N'BM210 ', 60, 75, 100, 98)
INSERT [dbo].[ogrenci_ders] ([ogr_no], [ders_kod], [not_arasinav], [not_final], [not_odev], [not_uygulama]) VALUES (10000000086, N'BM210 ', 70, 70, 80, 99)
INSERT [dbo].[ogrenci_ders] ([ogr_no], [ders_kod], [not_arasinav], [not_final], [not_odev], [not_uygulama]) VALUES (10000000087, N'BM210 ', 80, 65, 60, 100)
INSERT [dbo].[ogrenci_ders] ([ogr_no], [ders_kod], [not_arasinav], [not_final], [not_odev], [not_uygulama]) VALUES (10000000088, N'BM210 ', 90, 60, 40, 100)
INSERT [dbo].[ogrenci_ders] ([ogr_no], [ders_kod], [not_arasinav], [not_final], [not_odev], [not_uygulama]) VALUES (10000000089, N'BM210 ', 100, 55, 20, 99)
INSERT [dbo].[ogrenci_ders] ([ogr_no], [ders_kod], [not_arasinav], [not_final], [not_odev], [not_uygulama]) VALUES (10000000090, N'BM210 ', 100, 50, 100, 98)
INSERT [dbo].[ogrenci_ders] ([ogr_no], [ders_kod], [not_arasinav], [not_final], [not_odev], [not_uygulama]) VALUES (10000000091, N'BM210 ', 90, 45, 80, 97)
INSERT [dbo].[ogrenci_ders] ([ogr_no], [ders_kod], [not_arasinav], [not_final], [not_odev], [not_uygulama]) VALUES (10000000092, N'BM210 ', 80, 40, 60, 96)
INSERT [dbo].[ogrenci_ders] ([ogr_no], [ders_kod], [not_arasinav], [not_final], [not_odev], [not_uygulama]) VALUES (10000000093, N'BM210 ', 70, 35, 40, 95)
INSERT [dbo].[ogrenci_ders] ([ogr_no], [ders_kod], [not_arasinav], [not_final], [not_odev], [not_uygulama]) VALUES (10000000094, N'BM210 ', 60, 30, 20, 94)
INSERT [dbo].[ogrenci_ders] ([ogr_no], [ders_kod], [not_arasinav], [not_final], [not_odev], [not_uygulama]) VALUES (10000000095, N'BM210 ', 50, 25, 20, 93)
INSERT [dbo].[ogrenci_ders] ([ogr_no], [ders_kod], [not_arasinav], [not_final], [not_odev], [not_uygulama]) VALUES (10000000096, N'BM210 ', 40, 20, 40, 92)
INSERT [dbo].[ogrenci_ders] ([ogr_no], [ders_kod], [not_arasinav], [not_final], [not_odev], [not_uygulama]) VALUES (10000000097, N'BM210 ', 30, 15, 60, 91)
INSERT [dbo].[ogrenci_ders] ([ogr_no], [ders_kod], [not_arasinav], [not_final], [not_odev], [not_uygulama]) VALUES (10000000098, N'BM210 ', 20, 10, 80, 90)
INSERT [dbo].[ogrenci_ders] ([ogr_no], [ders_kod], [not_arasinav], [not_final], [not_odev], [not_uygulama]) VALUES (10000000099, N'BM210 ', 10, 5, 100, 90)
INSERT [dbo].[ogrenci_ders] ([ogr_no], [ders_kod], [not_arasinav], [not_final], [not_odev], [not_uygulama]) VALUES (10000000100, N'BM210 ', 10, 100, 100, 91)
INSERT [dbo].[ogrenci_ders] ([ogr_no], [ders_kod], [not_arasinav], [not_final], [not_odev], [not_uygulama]) VALUES (10000000101, N'BM210 ', 20, 95, 80, 92)
INSERT [dbo].[ogrenci_ders] ([ogr_no], [ders_kod], [not_arasinav], [not_final], [not_odev], [not_uygulama]) VALUES (10000000102, N'BM210 ', 30, 90, 60, 93)